filename,width,height,class,xmin,ymin,xmax,ymax
MP2.jpg,207,153,licensePlate,37,125,101,143
38.jpg,304,248,licensePlate,126,122,184,156
03273806-bb1e-48da-8c8b-a0133a90197a___2014-Skoda-Yeti-Test-Drive.jpg,588,476,licensePlate,182,288,379,340
PY3.jpg,272,484,licensePlate,85,241,172,268
AP41.jpg,271,327,licensePlate,78,263,192,292
6254bb73-d8a1-4f04-89a9-92caef98e233___1658240d1500548920-close-look-2017-skoda-octavia-facelift-hands-free-parking-front-bumper.jpg,3720,2472,licensePlate,1190,959,2515,1318
13ffaad4-a186-46bd-ae5d-924d1c8d7c50___maruti-suzuki-Baleno-RS-pics-48.jpg,800,485,licensePlate,648,331,734,387
6767eddd-bf2f-4270-aa1f-6146738895ab___3e7fd381-0ae5-4421-8a70-279ee0ec1c61_Nissan-Terrano-20300.jpg,600,337,licensePlate,350,214,425,247
7f369852-27b9-4141-8c48-9e88b20743a6___new_Mahindra-Scorpio-Taillamps-Night.jpg,500,393,licensePlate,150,215,382,271
3bc3f147-2d6b-484a-8481-4a49fd8afe23___3e7fd381-0ae5-4421-8a70-279ee0ec1c61_844581764_1_1080x720_nissan-terrano-xv-d-thp-110-ps-2013-diesel-faridabad.jpg,540,720,licensePlate,196,518,393,553
PB26.jpg,272,363,licensePlate,15,241,95,295
CG1.jpg,270,332,licensePlate,102,262,195,284
CG21.jpg,272,204,licensePlate,103,156,168,169
26d2b905-4055-41fe-a933-47db0e8a0a7f___37cba8c3f681f0cb5694f16a4c54aa7b.jpg,534,337,licensePlate,38,207,114,261
75.jpg,500,372,licensePlate,170,174,326,215
1438b735-2d21-4879-8ed4-e5fa086e70c8___Maruti-Suzuki-Swift-Dzire-1.jpg,506,407,licensePlate,186,265,340,302
ML26.jpg,272,363,licensePlate,89,247,175,275
b7fd8aaa-8621-449f-b99c-f45778f1a25c___3e7fd381-0ae5-4421-8a70-279ee0ec1c61_1208485d1392541449-nissan-terrano-official-review-img_20140215_181507.jpg,1688,1688,licensePlate,231,796,422,899
WB16.jpg,272,363,licensePlate,93,250,169,272
121.jpg,496,287,licensePlate,140,167,346,215
PB23.jpg,272,153,licensePlate,121,111,165,126
AS3.jpg,272,204,licensePlate,70,138,124,168
96.jpg,959,959,licensePlate,304,422,682,543
228.jpg,400,224,licensePlate,101,151,211,187
AR9.jpg,272,363,licensePlate,98,268,192,286
191.jpg,350,263,licensePlate,116,82,223,114
DL14.jpg,272,363,licensePlate,84,213,168,238
AS1.jpg,272,363,licensePlate,139,250,219,273
15e7c19f-da3c-4f0d-91f3-552afabc8961___41FxrEl7jHL.jpg,500,252,licensePlate,146,103,368,151
GJ21.jpg,272,278,licensePlate,92,191,179,212
0a720df9-e4ef-4e44-8c13-b39b9be8444d___3e7fd381-0ae5-4421-8a70-279ee0ec1c61_Nissan-Terrano-6.jpg,800,600,licensePlate,102,330,238,370
124.jpg,700,525,licensePlate,269,331,484,389
UP4.jpg,272,581,licensePlate,167,349,267,386
BR14.jpg,272,363,licensePlate,16,183,70,225
DL24.jpg,272,363,licensePlate,86,232,186,254
68.jpg,534,337,licensePlate,43,204,109,260
AS2.jpg,272,363,licensePlate,96,248,192,270
PB15.jpg,272,484,licensePlate,95,289,176,316
018b52e6-e9a1-42c2-8ce7-0617e8c8e021___3e7fd381-0ae5-4421-8a70-279ee0ec1c61_sbtb02_auto1.jpg,660,280,licensePlate,326,203,399,225
MH7.jpg,272,284,licensePlate,92,219,186,239
KA18.jpg,272,204,licensePlate,103,125,157,140
GA4.jpg,272,363,licensePlate,109,252,235,313
28fc10e3-681b-4086-9c15-28934ae86f7e___3e7fd381-0ae5-4421-8a70-279ee0ec1c61_nissan-terrano-amt_827x510_71478504527.jpg,827,510,licensePlate,114,284,185,319
MN3.jpg,272,363,licensePlate,79,173,151,192
132.jpg,660,432,licensePlate,232,190,359,221
car-wbs-DL12C3536_00000.jpg,2592,1944,licensePlate,1030,922,2291,1318
187.jpg,600,337,licensePlate,201,189,392,228
a34aeb21-ffe8-4357-80d3-8f212c62c816___new_main_cropped.jpg,500,291,licensePlate,196,106,355,149
DL28.jpg,272,364,licensePlate,100,258,173,279
SK13.jpg,272,153,licensePlate,105,123,175,141
TS14.jpg,271,481,licensePlate,82,277,163,298
ML11.jpg,272,193,licensePlate,42,76,117,108
HR12.jpg,272,331,licensePlate,144,275,201,296
49bdf0d9-4e64-41eb-9c19-eabdc4afb051___Maruti-Suzuki-Ciaz-Photos-30.jpg,600,337,licensePlate,198,137,352,175
OD13.jpg,272,129,licensePlate,96,94,158,111
69b56ab9-accd-4c67-aa7a-a884c018e5ab___speedex-number-plates-nandanam-chennai-car-number-plate-dealers-3zh7n2s.jpg,960,1280,licensePlate,340,948,608,1015
DL5.jpg,272,363,licensePlate,77,273,184,301
177.jpg,400,300,licensePlate,150,194,251,218
207.jpg,500,289,licensePlate,361,173,435,195
WB19.jpg,272,364,licensePlate,81,172,177,207
CH8.jpg,272,204,licensePlate,56,178,147,204
bff789cd-2d58-4399-a55e-33be55f313e3___IMG_0472.jpg,700,525,licensePlate,273,329,485,387
bbf22d00-3dd6-4338-b701-264e0c0c0aff___Maruti-Swift-DZire-Photos-1.jpg,591,479,licensePlate,190,227,391,277
95.jpg,740,490,licensePlate,286,217,457,263
BR4.jpg,272,605,licensePlate,33,321,136,351
PY14.jpg,272,363,licensePlate,108,224,186,253
AP16.jpg,272,153,licensePlate,103,126,156,139
car-wbs-GJ05JH2501_00001.jpg,404,720,licensePlate,125,296,249,335
DL19.jpg,272,204,licensePlate,95,154,186,179
TN5.jpg,272,606,licensePlate,103,338,191,365
208.jpg,499,287,licensePlate,132,54,453,166
658af519-5290-4ae5-8dd6-694bab9aa458___3e7fd381-0ae5-4421-8a70-279ee0ec1c61_848765390_1_1080x720_nissan-terrano-xl-d-plus-2014-diesel-coimbatore.jpg,540,720,licensePlate,222,461,344,490
DL30.jpg,270,347,licensePlate,163,205,226,231
JH1.jpg,272,363,licensePlate,74,329,226,360
DL26.jpg,272,363,licensePlate,81,281,198,309
196.jpg,361,308,licensePlate,82,137,189,168
KA25.jpg,271,546,licensePlate,57,340,181,373
UP3.jpg,272,363,licensePlate,88,143,177,169
CG6.jpg,272,153,licensePlate,115,118,163,130
AP45.jpg,272,483,licensePlate,96,229,186,270
KL4.jpg,272,363,licensePlate,81,225,167,253
GA2.jpg,272,590,licensePlate,96,297,202,330
DL23.jpg,272,364,licensePlate,70,255,189,288
TR9.jpg,272,590,licensePlate,82,310,176,333
a970d6e0-5948-4412-a1ec-67c5240722a8___images-gallery-misc4-250x250.jpg,250,166,licensePlate,4,28,212,141
AR12.jpg,272,204,licensePlate,107,135,178,154
AS25.jpg,272,204,licensePlate,96,145,168,161
PB21.jpg,272,581,licensePlate,67,362,172,399
b3e82163-400b-4211-bb99-a5b53fb13a25___new_IMG_8883.jpg,229,140,licensePlate,42,51,181,86
c8a79e91-8c48-42d0-9b80-137fd033493c___automakers-number-plates-nitin-gadkari_827x510_61522653557.jpg,377,244,licensePlate,64,164,158,198
MP10.jpg,272,363,licensePlate,91,263,187,284
AP20.jpg,272,363,licensePlate,97,258,168,278
ML10.jpg,268,180,licensePlate,124,151,180,165
KA10.jpg,272,250,licensePlate,96,163,174,185
ML35.jpg,272,363,licensePlate,120,225,194,244
WB21.jpg,272,364,licensePlate,32,194,108,219
GJ11.jpg,272,581,licensePlate,90,239,197,274
SK7.jpg,272,363,licensePlate,63,242,134,275
HR19.jpg,271,185,licensePlate,97,143,170,162
JH12.jpg,272,604,licensePlate,75,306,168,338
WB12.jpg,272,204,licensePlate,93,165,188,188
HP10.jpg,272,590,licensePlate,99,346,171,371
AP18.jpg,271,170,licensePlate,103,113,165,131
JH17.jpg,270,184,licensePlate,106,141,163,157
190.jpg,678,475,licensePlate,168,211,565,326
MH23.jpg,272,204,licensePlate,106,144,165,159
CH5.jpg,272,204,licensePlate,109,169,180,186
DL33.jpg,272,364,licensePlate,91,273,170,293
GA9.jpg,272,363,licensePlate,89,248,171,273
PB27.jpg,272,363,licensePlate,89,233,179,257
129.jpg,500,306,licensePlate,163,96,289,141
BR6.jpg,272,592,licensePlate,120,241,215,271
OD16.jpg,272,604,licensePlate,73,326,177,353
car-wbs-HR26CT6702_00000.jpg,650,493,licensePlate,248,376,420,415
MH10.jpg,270,334,licensePlate,86,304,183,326
KA24.jpg,272,216,licensePlate,134,152,214,176
TR5.jpg,272,484,licensePlate,80,387,188,420
car-wbs-DL10CG4693_00000.jpg,500,252,licensePlate,145,99,370,153
59.jpg,547,546,licensePlate,101,274,290,362
BR7.jpg,272,363,licensePlate,96,300,185,321
TN3.jpg,272,590,licensePlate,80,300,192,333
HP2.jpg,272,363,licensePlate,110,293,235,320
JK34.jpg,272,363,licensePlate,125,271,203,297
JH10.jpg,272,604,licensePlate,118,284,180,312
MH6.jpg,272,363,licensePlate,108,224,176,242
NL3.jpg,272,204,licensePlate,114,143,198,172
BR13.jpg,272,363,licensePlate,93,194,169,215
car-wbs-HR26CH3604_00000.jpg,600,337,licensePlate,198,135,353,175
JK19.jpg,272,363,licensePlate,133,176,207,212
31.jpg,1512,825,licensePlate,199,163,1428,745
185.jpg,500,271,licensePlate,105,154,252,201
116.jpg,600,450,licensePlate,60,80,600,189
DL1.jpg,272,363,licensePlate,86,231,180,256
TS12.jpg,272,590,licensePlate,85,337,188,366
GA5.jpg,272,204,licensePlate,99,153,188,174
RJ10.jpg,272,363,licensePlate,95,274,179,298
DN6.jpg,272,153,licensePlate,71,69,132,85
205.jpg,442,333,licensePlate,162,221,276,248
TN2.jpg,272,484,licensePlate,100,282,175,301
TS2.jpg,272,363,licensePlate,110,230,176,250
TN4.jpg,272,204,licensePlate,91,147,176,171
OD5.jpg,272,236,licensePlate,104,193,183,212
WB27.jpg,272,281,licensePlate,99,164,190,187
CG13.jpg,272,363,licensePlate,87,244,182,267
UK9.jpg,272,363,licensePlate,91,330,179,356
DL15.jpg,272,292,licensePlate,162,162,229,191
55.jpg,400,374,licensePlate,102,235,266,278
224.jpg,500,335,licensePlate,137,209,344,263
210.jpg,500,355,licensePlate,60,226,251,277
OD12.jpg,272,604,licensePlate,97,306,182,335
UP27.jpg,272,363,licensePlate,94,250,168,275
23.jpg,768,1024,licensePlate,247,510,476,571
07aaab79-71ee-4ea3-a9e6-640191183947___3e7fd381-0ae5-4421-8a70-279ee0ec1c61_1208484d1392541449-nissan-terrano-official-review-img_20140215_181708.jpg,2448,2448,licensePlate,1298,1705,1811,1864
TS16.jpg,272,577,licensePlate,7,315,95,424
170.jpg,250,250,licensePlate,1,72,249,191
44ee098a-c33c-47a2-9dcb-717c02d5a240___3e7fd381-0ae5-4421-8a70-279ee0ec1c61_2013-Nissan-Terrano-Front.jpg,1024,706,licensePlate,263,510,509,574
7f7e27cc-930a-46cb-b3af-6e43da8b566d___3e7fd381-0ae5-4421-8a70-279ee0ec1c61_Nissan-Terrano-Petrol-Review-Images-Black-Front-Grille-720x480.jpg,720,480,licensePlate,413,330,593,408
GJ15.jpg,272,204,licensePlate,103,146,169,164
107.jpg,660,440,licensePlate,228,192,319,236
AP2.jpg,272,125,licensePlate,92,47,144,62
1f0a7fe8-ac9b-4b54-9d55-e11f34f9f98b___9f6521b2ddb7b8e40ffd510966ffcca3.jpg,462,290,licensePlate,314,113,377,139
2c9306ab-3454-4ca0-89fd-db3f51dabcef___3e7fd381-0ae5-4421-8a70-279ee0ec1c61_Nissan-Terrano-front-three-quarters-on-plain-ground.jpg,1280,848,licensePlate,154,530,337,593
DL38.jpg,272,204,licensePlate,99,142,171,161
GJ24.jpg,272,581,licensePlate,98,343,175,365
JK35.jpg,270,448,licensePlate,94,256,174,275
GJ14.jpg,272,204,licensePlate,94,148,174,167
c48f8704-bc40-462a-a595-445b2f2e63fe___new_77cca4b6f3864b3928824a030ba101d2.jpg,418,330,licensePlate,48,197,189,233
WB4.jpg,272,363,licensePlate,115,269,199,291
136.jpg,602,370,licensePlate,141,282,302,328
DL32.jpg,272,363,licensePlate,112,148,171,167
GJ8.jpg,272,204,licensePlate,96,147,174,167
SK1.jpg,272,204,licensePlate,99,141,175,159
OD17.jpg,272,204,licensePlate,99,139,152,154
TR2.jpg,272,574,licensePlate,74,268,181,303
c06d4d42-591f-429e-92b4-20e701f89c14___2014-VW-Polo-facelift-spied-India-rear.jpg,960,1280,licensePlate,441,715,657,773
12e26859-89e0-4c9b-9c59-ee793337464f___20.jpg,700,466,licensePlate,155,191,287,240
BR17.jpg,272,363,licensePlate,90,233,157,251
AP7.jpg,272,366,licensePlate,74,218,165,245
52abe2c4-fde3-45b2-beec-f070e6ed98c7___Volkswagen-Vento-Rear-view-46765.jpg,630,353,licensePlate,252,197,370,228
CG16.jpg,272,204,licensePlate,89,127,138,140
229.jpg,317,215,licensePlate,116,112,220,149
PY10.jpg,272,363,licensePlate,88,273,188,298
138.jpg,583,450,licensePlate,191,276,363,326
TR3.jpg,272,363,licensePlate,140,225,211,247
WB11.jpg,272,570,licensePlate,75,302,179,331
0850c175-0b8d-47f2-801c-e29f1dbdb367___3e7fd381-0ae5-4421-8a70-279ee0ec1c61_571.jpg,802,602,licensePlate,366,273,604,385
b266759c-f9e9-47c1-9042-4c7aef7d441d___1711769d1514801394t-toyota-innova-crysta-2-4-gx-ownership-review-edit-10-000-km-service-done-vs.jpg,304,248,licensePlate,125,121,187,158
144.jpg,484,456,licensePlate,180,209,343,262
TS6.jpg,272,204,licensePlate,109,143,157,158
MP6.jpg,272,363,licensePlate,87,233,183,258
TS4.jpg,272,363,licensePlate,107,207,175,226
AP46.jpg,272,411,licensePlate,73,260,184,289
PY5.jpg,272,484,licensePlate,80,272,176,295
152.jpg,350,197,licensePlate,118,104,186,132
26cfb3dd-3731-4fd0-a6c2-c44e3ce7498a___used_cars_in_keralaused_bikes_in_keralaautomotive_news7.jpg,531,512,licensePlate,162,282,324,331
CG15.jpg,272,204,licensePlate,108,129,168,143
BR15.jpg,272,204,licensePlate,74,122,148,166
AN1.jpg,272,575,licensePlate,91,362,190,390
ML30.jpg,167,363,licensePlate,47,221,109,235
6ed8b283-5cf5-4727-9969-c79f70f47e80___2-cars-same-numbers.jpg,305,274,licensePlate,74,148,160,174
120.jpg,480,360,licensePlate,1,63,461,182
UP1.jpg,272,363,licensePlate,97,167,199,198
CH9.jpg,272,204,licensePlate,107,104,164,120
GJ18.jpg,272,204,licensePlate,105,148,179,166
RJ2.jpg,272,363,licensePlate,94,113,176,139
JK36.jpg,272,484,licensePlate,125,284,211,323
JK29.jpg,272,604,licensePlate,61,331,177,362
223.jpg,500,333,licensePlate,143,221,342,268
AP43.jpg,272,363,licensePlate,107,321,202,345
GA1.jpg,272,363,licensePlate,123,206,178,225
KA8.jpg,272,204,licensePlate,110,160,194,178
220.jpg,397,247,licensePlate,139,155,312,210
bdad5f66-70ad-4241-9a62-bba1123c3486___3e7fd381-0ae5-4421-8a70-279ee0ec1c61_1447945d1449508546t-my-nissan-terrano-85-ps-_img_000000_000000.jpg,802,465,licensePlate,397,275,464,300
JH7.jpg,272,126,licensePlate,111,79,168,93
192.jpg,960,1280,licensePlate,333,939,612,1028
UP10.jpg,272,363,licensePlate,91,272,189,294
93b6319a-5886-48d8-8a69-07d586751553___2014-VW-Polo-facelift-first-drive-rear-number-plate.jpg,1280,847,licensePlate,351,286,1050,556
94.jpg,377,244,licensePlate,65,163,159,200
4b669e6d-4eec-4f46-b502-f64ee0175947___new_1.jpg,499,287,licensePlate,146,75,437,154
7c8229d7-7e37-41a6-9262-d5da278c8d8e___139379d1243147524-ok-have-dealers-name-number-plate-1.jpg,919,532,licensePlate,261,210,728,341
126.jpg,500,333,licensePlate,183,112,328,152
148.jpg,600,337,licensePlate,152,227,320,282
AP33.jpg,272,484,licensePlate,96,231,185,254
MH13.jpg,272,589,licensePlate,98,328,182,353
77.jpg,500,378,licensePlate,142,197,326,252
c30a1535-9d8f-465e-a7f4-aa726f19f0b1___new-maruti-alto-k10-2_625x300_41414071192.jpg,650,493,licensePlate,246,375,423,416
07f6d77a-652e-4885-8520-6d405d2f712f___3e7fd381-0ae5-4421-8a70-279ee0ec1c61_840539077_1_1080x720_nissan-terrano-xl-d-thp-110-ps-2016-diesel-.jpg,960,720,licensePlate,398,435,616,484
HP15.jpg,272,214,licensePlate,110,153,170,170
53.jpg,469,436,licensePlate,58,297,182,339
JK2.jpg,270,219,licensePlate,77,142,193,174
AP27.jpg,272,363,licensePlate,97,196,177,218
car-wbs-HR26CR3302_00000.jpg,317,215,licensePlate,119,116,217,147
GA3.jpg,272,363,licensePlate,104,274,167,290
MH20.jpg,272,300,licensePlate,98,233,182,249
188.jpg,600,400,licensePlate,236,187,350,216
AP1.jpg,272,204,licensePlate,99,143,182,166
186.jpg,541,423,licensePlate,210,277,342,312
82.jpg,480,480,licensePlate,332,315,457,347
54.jpg,400,278,licensePlate,213,147,348,193
26.jpg,624,450,licensePlate,295,171,444,222
car-wbs-HR51AY9099_00000.jpg,540,720,licensePlate,190,512,391,553
59e121dc-ebc6-4e4c-ba88-7fe04b569218___Autopsyches-Skoda-Laura-6.jpg,740,490,licensePlate,289,216,448,254
0369b20e-b432-4409-90f9-2420877aa386___8151536c79159a1557421da5f27f9f0e.jpg,480,480,licensePlate,333,310,456,347
af608b5e-07d6-4bcf-84d0-f0cba9e54e12___Skoda-Superb-Rear-Profile.jpg,600,400,licensePlate,236,183,353,217
AP12.jpg,272,363,licensePlate,76,225,136,251
123.jpg,250,166,licensePlate,2,29,206,139
JH18.jpg,272,363,licensePlate,119,277,172,295
HP19.jpg,272,306,licensePlate,102,179,169,198
94c5a151-24b5-493c-a900-017a4353b00c___3e7fd381-0ae5-4421-8a70-279ee0ec1c61_Tata-Tiago-Front-Number-Plates-Design.jpg,960,720,licensePlate,248,220,719,361
JK27.jpg,272,363,licensePlate,161,227,243,262
ca18d733-ec53-49d9-87aa-a9f6c52cc7bb___VW-Polo-GT-TSI-badge-on-the-grille.jpg,500,333,licensePlate,105,224,395,294
204.jpg,600,430,licensePlate,242,238,379,298
AP10.jpg,272,423,licensePlate,109,268,192,287
OD3.jpg,272,153,licensePlate,106,81,168,98
164.jpg,600,398,licensePlate,341,241,494,292
AS26.jpg,272,204,licensePlate,106,134,170,150
CH7.jpg,272,204,licensePlate,93,158,207,188
AP39.jpg,272,204,licensePlate,93,155,171,174
HP9.jpg,272,297,licensePlate,85,192,164,221
ML14.jpg,272,369,licensePlate,125,13,212,38
OD27.jpg,272,183,licensePlate,118,129,178,142
MH14.jpg,272,283,licensePlate,88,218,186,241
WB3.jpg,272,204,licensePlate,94,145,173,164
HP17.jpg,272,363,licensePlate,77,242,180,270
93b6ca4e-17cc-4b12-b7f5-66fb37c6107c___number-plate-factory-fitted1.jpg,642,336,licensePlate,217,143,432,198
97.jpg,900,350,licensePlate,323,201,586,260
193.jpg,1250,703,licensePlate,532,380,774,469
3febea0e-53c0-4b30-880c-3061458b93ce___Maruti-Vitara-Brezza-rear-end-full-review.jpg,700,419,licensePlate,374,197,570,295
151.jpg,500,430,licensePlate,139,249,338,305
UK8.jpg,272,363,licensePlate,91,210,172,233
CH2.jpg,272,204,licensePlate,108,140,193,161
GJ10.jpg,272,204,licensePlate,114,147,167,161
NL5.jpg,272,604,licensePlate,30,360,135,417
AP21.jpg,272,173,licensePlate,118,99,232,129
MH19.jpg,272,591,licensePlate,95,319,189,348
DL8.jpg,272,204,licensePlate,117,144,180,164
70.jpg,478,395,licensePlate,158,208,316,250
169.jpg,642,336,licensePlate,212,145,430,197
aea95aa0-a000-4103-945d-c173383bd646___3e7fd381-0ae5-4421-8a70-279ee0ec1c61_Nissan-Terrano-11.jpg,800,600,licensePlate,474,194,713,332
3.jpg,500,314,licensePlate,49,230,107,249
35.jpg,3720,2472,licensePlate,1220,984,2476,1268
CG4.jpg,272,153,licensePlate,103,138,177,153
13.jpg,640,435,licensePlate,219,186,437,241
a615016b-4d07-46c7-a52b-8d4319fe3a10___3e7fd381-0ae5-4421-8a70-279ee0ec1c61_nissan-terrano-rear-view.jpg,700,525,licensePlate,299,363,409,390
AS13.jpg,272,179,licensePlate,120,111,171,124
TN6.jpg,271,170,licensePlate,97,87,194,113
HP3.jpg,272,363,licensePlate,76,279,171,307
24.jpg,768,1024,licensePlate,287,418,578,501
11.jpg,642,400,licensePlate,209,161,405,206
15.jpg,500,265,licensePlate,155,114,352,178
car-wbs-HRDK0830_00000.jpg,600,398,licensePlate,342,241,492,290
9cd75347-8952-40b1-97c5-d628f1b59590___3e7fd381-0ae5-4421-8a70-279ee0ec1c61_Maruti-Swift-Number-Plates-Design.jpg,960,720,licensePlate,341,211,846,408
JH11.jpg,272,571,licensePlate,141,299,205,318
JK24.jpg,272,363,licensePlate,102,239,183,259
DL29.jpg,272,364,licensePlate,99,275,183,301
WB13.jpg,272,154,licensePlate,169,115,226,133
car-wbs-HR26DG6167_00000.jpg,642,336,licensePlate,214,143,432,195
AN2.jpg,271,325,licensePlate,118,220,183,240
84.jpg,500,281,licensePlate,209,133,337,172
UP5.jpg,272,602,licensePlate,97,282,173,305
TS9.jpg,272,153,licensePlate,92,65,148,83
UP19.jpg,272,604,licensePlate,106,211,190,236
HR15.jpg,272,327,licensePlate,89,220,161,241
AR3.jpg,272,363,licensePlate,52,231,99,263
KA20.jpg,272,363,licensePlate,74,279,173,303
WB26.jpg,272,186,licensePlate,27,119,83,144
AR6.jpg,214,204,licensePlate,128,159,203,186
184.jpg,500,344,licensePlate,175,253,353,290
155.jpg,591,479,licensePlate,189,227,393,278
HP7.jpg,272,363,licensePlate,67,283,164,311
JK32.jpg,271,220,licensePlate,159,197,215,220
218.jpg,450,290,licensePlate,114,133,382,201
AP13.jpg,272,363,licensePlate,94,187,174,215
182.jpg,800,533,licensePlate,308,259,484,305
130.jpg,500,350,licensePlate,158,147,347,199
236.jpg,586,331,licensePlate,182,208,251,233
AN6.jpg,271,306,licensePlate,120,229,189,248
JK14.jpg,272,484,licensePlate,73,372,182,398
UK6.jpg,272,363,licensePlate,110,274,193,296
174.jpg,500,268,licensePlate,222,117,425,182
140.jpg,505,343,licensePlate,23,206,146,250
HP11.jpg,272,204,licensePlate,101,127,175,146
DL4.jpg,270,336,licensePlate,87,227,176,251
6.jpg,416,431,licensePlate,115,285,253,319
UP26.jpg,272,363,licensePlate,45,198,104,216
PB12.jpg,272,240,licensePlate,88,131,184,161
47.jpg,588,476,licensePlate,181,289,378,339
GJ12.jpg,272,204,licensePlate,100,134,177,156
092c497e-623d-499d-822a-4b01c657389b___3e7fd381-0ae5-4421-8a70-279ee0ec1c61_nissan-terrano-rear-left-rim.jpg,350,260,licensePlate,106,161,177,184
WB28.jpg,272,363,licensePlate,82,305,184,329
AR2.jpg,272,204,licensePlate,114,161,175,177
KA1.jpg,272,247,licensePlate,91,156,180,180
TN7.jpg,272,363,licensePlate,93,229,187,251
HR5.jpg,272,204,licensePlate,92,138,167,158
211.jpg,474,354,licensePlate,125,121,403,207
8edca6de-d964-4027-823d-f70d3f872412___12042943_1003224833031653_9073848483429898813_n.jpg,642,400,licensePlate,209,159,405,202
ML5.jpg,272,363,licensePlate,102,220,161,237
ML1.jpg,271,129,licensePlate,90,63,168,85
DL35.jpg,272,483,licensePlate,70,301,159,328
OD25.jpg,272,363,licensePlate,84,277,191,300
PY16.jpg,272,204,licensePlate,102,162,171,181
CG11.jpg,272,363,licensePlate,133,170,192,186
AN5.jpg,272,342,licensePlate,148,243,207,258
ML2.jpg,272,363,licensePlate,86,243,193,269
car-wbs-HR26CT4063_00000.jpg,450,417,licensePlate,132,308,302,354
MP8.jpg,272,363,licensePlate,89,184,177,206
TS5.jpg,272,363,licensePlate,104,231,178,250
17.jpg,769,417,licensePlate,297,260,487,303
79094948-25d3-418e-86fc-3c2d62917f62___513039-volkswagen-vento-test-drive-review-06032011612.jpg,2592,1944,licensePlate,1028,930,2263,1332
237.jpg,395,147,licensePlate,25,27,349,112
504e7c29-e1dc-48c9-ace6-738cf934e368___2017-skoda-octavia-rs-12.jpg,500,269,licensePlate,286,183,427,237
bb210ab4-795c-4b2b-9b6e-4597cbc67375___White-2BPlate.jpg,442,333,licensePlate,163,223,275,248
UK5.jpg,272,204,licensePlate,107,142,179,160
GJ28.jpg,272,204,licensePlate,114,133,189,164
DL31.jpg,272,363,licensePlate,198,226,252,247
2302b12c-3d74-4d6c-b376-ba8ab308a8c3___big_215451_1320738450.jpg,350,196,licensePlate,129,130,209,157
43.jpg,500,409,licensePlate,23,264,168,326
JH16.jpg,272,604,licensePlate,58,308,178,349
5ac9f7b9-f7cc-4161-bbd1-7f377bb890bf___3e7fd381-0ae5-4421-8a70-279ee0ec1c61_Nissan-Terrano-John-Abraham.jpg,592,397,licensePlate,253,313,400,342
MP1.jpg,269,436,licensePlate,86,268,174,288
11186c4c-5f17-49b1-af37-a138a1e53794___12837944763_e7c6c6381a_z.jpg,640,435,licensePlate,217,182,439,242
73.jpg,500,252,licensePlate,143,99,370,154
GJ16.jpg,272,204,licensePlate,104,146,180,167
DN5.jpg,272,592,licensePlate,75,302,180,328
91.jpg,462,290,licensePlate,311,107,382,144
179.jpg,725,408,licensePlate,240,271,317,315
199.jpg,600,337,licensePlate,199,202,275,226
OD24.jpg,272,363,licensePlate,102,218,162,235
AS15.jpg,272,336,licensePlate,84,273,179,295
ML8.jpg,272,363,licensePlate,176,231,263,274
AP19.jpg,272,604,licensePlate,99,340,160,356
19.jpg,492,393,licensePlate,344,197,422,222
TS11.jpg,271,326,licensePlate,132,222,199,250
5231116f-7a07-4ce2-b437-d34b497e7969___3e7fd381-0ae5-4421-8a70-279ee0ec1c61_844329566_3_1080x720_nissan-terrano-xe-d-2014-diesel-.jpg,540,720,licensePlate,183,340,356,389
9ea92991-8fdf-4b46-aea1-bf08ecff247c___new_1107433d1373284570-my-modded-skoda-rapid-now-166-bhp-351-nm-119-whp-per-tonne-hdr_00005_normal.jpg,500,355,licensePlate,63,230,245,272
AN10.jpg,272,363,licensePlate,108,165,168,183
ML36.jpg,272,363,licensePlate,115,226,178,245
UP29.jpg,272,605,licensePlate,78,308,172,332
GJ5.jpg,272,350,licensePlate,87,263,179,289
SK8.jpg,272,363,licensePlate,31,186,100,224
AP40.jpg,272,363,licensePlate,74,231,172,256
UP11.jpg,272,363,licensePlate,85,257,175,276
89d26be7-258a-4470-b0fe-d1df57b20d55___new_Skoda-Octavia-5.jpg,586,331,licensePlate,182,204,250,231
GJ26.jpg,272,333,licensePlate,82,261,182,285
acd85f93-544d-494e-b2f3-2d445937bb0b___new_1431956d1446017445-number-plates-merchandise-canvas-ink-gurgaon-edit-closed-thumb_img_4418_1024.jpg,474,354,licensePlate,122,122,402,208
AS24.jpg,272,539,licensePlate,85,340,187,368
CG18.jpg,272,363,licensePlate,105,250,219,290
JH15.jpg,272,204,licensePlate,90,125,180,147
48.jpg,1024,682,licensePlate,401,430,587,475
AS16.jpg,271,325,licensePlate,80,239,174,262
KA4.jpg,271,558,licensePlate,62,341,180,373
BR11.jpg,272,363,licensePlate,75,208,142,226
GJ7.jpg,272,204,licensePlate,109,132,190,153
PB18.jpg,272,204,licensePlate,112,156,189,176
PB20.jpg,272,256,licensePlate,103,162,168,179
36.jpg,850,681,licensePlate,332,266,537,324
GJ2.jpg,272,484,licensePlate,85,181,183,218
JH8.jpg,272,482,licensePlate,101,266,176,283
AR8.jpg,272,592,licensePlate,29,296,80,318
AP24.jpg,272,363,licensePlate,86,260,186,287
HP12.jpg,272,363,licensePlate,69,247,147,292
AR1.jpg,272,153,licensePlate,98,109,159,123
MH8.jpg,272,204,licensePlate,103,152,175,174
KA19.jpg,272,247,licensePlate,90,157,178,177
DL13.jpg,272,363,licensePlate,90,232,180,258
HR9.jpg,272,315,licensePlate,102,207,175,226
ML39.jpg,272,204,licensePlate,128,117,197,136
5c85a40f-ce81-44b4-82b2-dfdac281217d___new_Skoda-Octavia-1.8-TSI-5.jpg,500,332,licensePlate,180,214,298,240
DL27.jpg,272,589,licensePlate,86,372,198,405
WB2.jpg,272,606,licensePlate,82,418,190,445
AR7.jpg,272,154,licensePlate,86,56,165,75
AS5.jpg,272,575,licensePlate,89,314,199,344
127.jpg,640,555,licensePlate,448,278,638,345
JH9.jpg,272,153,licensePlate,111,137,171,153
PB6.jpg,271,331,licensePlate,95,258,207,289
AN4.jpg,272,363,licensePlate,80,227,158,249
SK6.jpg,272,484,licensePlate,95,255,184,282
b9467810-4022-4cf5-87e7-fed0d63c8e2f___new_1658240d1500548920-close-look-2017-skoda-octavia-facelift-hands-free-parking-front-bumper.jpg,500,332,licensePlate,164,132,339,175
145.jpg,500,376,licensePlate,100,178,431,271
OD11.jpg,272,363,licensePlate,164,248,220,268
BR3.jpg,272,363,licensePlate,107,213,183,230
CG17.jpg,272,204,licensePlate,103,121,156,136
CH1.jpg,272,174,licensePlate,30,128,72,147
AR11.jpg,272,597,licensePlate,23,406,225,453
HR3.jpg,272,204,licensePlate,95,131,190,159
RJ5.jpg,272,287,licensePlate,89,201,184,226
PY8.jpg,272,568,licensePlate,97,397,212,428
225.jpg,229,140,licensePlate,37,51,181,86
a2d49f53-4121-4627-b5d9-069f8b2f8490___840256171_1_1080x720_maruti-suzuki-wagon-r-vxi-with-abs-minor-2014-petrol-erode.jpg,371,396,licensePlate,104,224,245,262
85d7e25d-5aa1-4e5f-9c4e-4e671f14ddbe___77cca4b6f3864b3928824a030ba101d2.jpg,736,736,licensePlate,172,512,322,559
42.jpg,518,458,licensePlate,156,235,326,285
car-wbs-HR11F7575_00000.jpg,540,720,licensePlate,186,338,354,387
DL7.jpg,272,305,licensePlate,96,213,174,230
65e2825e-943f-48a3-a4e2-7e81d649ace2___3e7fd381-0ae5-4421-8a70-279ee0ec1c61_nissan-terrano-L.jpg,660,440,licensePlate,133,259,249,301
DN7.jpg,272,585,licensePlate,105,360,181,386
c41652d9-19ae-4a7d-8423-230340ac30bc___Skoda_Laura_DSG_Long_Term_Review-125.jpg,1024,685,licensePlate,389,447,597,501
3f677265-d5fa-439f-be23-feaacce22c49___3e7fd381-0ae5-4421-8a70-279ee0ec1c61_848126147_2_1080x720_nissan-terrano-xl-d-plus-2014-diesel-upload-photos.jpg,404,720,licensePlate,137,240,263,266
OD9.jpg,272,363,licensePlate,101,227,197,251
car-wbs-GJ05JH2501_00000.jpg,404,720,licensePlate,131,233,265,275
KA9.jpg,272,363,licensePlate,98,258,171,277
HP21.jpg,272,544,licensePlate,75,289,174,330
4434b404-dd10-4150-b226-b76b6ef95e43___new_224489195_8_1000x700_skoda-superb-2010-.jpg,397,247,licensePlate,132,154,313,210
209.jpg,500,358,licensePlate,155,203,371,258
07bd977e-d578-49a2-b345-7cee5a4db6bf___new_1031520d1356604430-skoda-rapid-joins-family-edit-sold-wp_000281.jpg,500,358,licensePlate,160,209,364,251
KL5.jpg,272,233,licensePlate,98,157,164,173
MP11.jpg,272,292,licensePlate,89,201,189,228
GJ1.jpg,264,469,licensePlate,39,283,116,324
JK12.jpg,268,328,licensePlate,104,238,184,260
OD18.jpg,181,153,licensePlate,61,121,132,135
165.jpg,650,493,licensePlate,248,379,422,417
DL10.jpg,272,363,licensePlate,96,213,162,230
car-wbs-KA04MN3622_00000.jpg,552,552,licensePlate,196,376,372,417
142.jpg,500,274,licensePlate,143,128,376,191
GJ13.jpg,272,204,licensePlate,94,143,183,164
UP16.jpg,272,546,licensePlate,72,292,155,325
07e787a7-6cc3-482c-9ce5-f0ce115b47f1___new_VW-Polo-GT-TSI-badges-on-the-boot-lid.jpg,395,147,licensePlate,29,32,341,104
JK3.jpg,272,204,licensePlate,102,167,175,188
7f768bfc-4c86-4fff-932d-c9871a82dce5___1431955d1446017445-number-plates-merchandise-canvas-ink-gurgaon-edit-closed-thumb_img_4422_1024.jpg,768,1024,licensePlate,247,511,475,568
GA6.jpg,272,604,licensePlate,89,341,189,364
HR2.jpg,272,204,licensePlate,108,135,186,155
214.jpg,509,290,licensePlate,116,80,384,225
UK4.jpg,272,606,licensePlate,87,346,182,372
MH22.jpg,272,127,licensePlate,104,83,153,95
MN6.jpg,272,363,licensePlate,81,240,162,263
c02b3989-8334-4cf7-b69c-bcd177e209d4___mqdefault.jpg,320,180,licensePlate,95,19,227,59
TN1.jpg,272,363,licensePlate,104,220,167,238
ML19.jpg,272,483,licensePlate,101,299,192,319
DN1.jpg,272,363,licensePlate,93,206,177,226
BR8.jpg,272,153,licensePlate,98,130,163,146
ML29.jpg,271,160,licensePlate,110,69,192,88
AR4.jpg,272,327,licensePlate,91,268,194,290
HP5.jpg,272,363,licensePlate,81,183,179,206
WB25.jpg,272,172,licensePlate,15,116,67,139
AP30.jpg,272,483,licensePlate,89,276,176,294
MH24.jpg,272,229,licensePlate,89,171,181,191
56b46df3-223c-42c8-a6bf-e95e5bac29cc___9214a754343030395508e104d7948167_large.jpg,539,564,licensePlate,132,429,368,488
HR14.jpg,272,482,licensePlate,78,263,191,293
150.jpg,506,407,licensePlate,186,263,338,304
139.jpg,450,417,licensePlate,134,307,300,353
10c96324-3452-43e2-aa68-c8ae7d3c1b6e___844874771_1_1080x720_maruti-suzuki-wagon-r-vxi-bs-iii-2014-petrol-.jpg,500,457,licensePlate,138,251,350,302
UP21.jpg,272,604,licensePlate,99,286,195,321
CH4.jpg,272,259,licensePlate,94,192,193,221
DL16.jpg,272,484,licensePlate,85,225,170,244
WB5.jpg,272,363,licensePlate,102,256,189,282
AS23.jpg,272,153,licensePlate,81,75,182,105
143.jpg,800,485,licensePlate,633,329,740,392
PY1.jpg,272,363,licensePlate,91,281,177,300
HR4.jpg,272,300,licensePlate,95,217,191,244
5b49ae32-c799-45e3-b139-9c56acf6370d___2014-Volkswagen-Polo-Review.jpg,1024,682,licensePlate,406,430,583,467
PY2.jpg,269,333,licensePlate,89,263,195,287
219.jpg,500,274,licensePlate,169,115,387,191
65.jpg,305,274,licensePlate,71,145,164,177
27a88c24-0bf2-48b0-98a8-fa396e951045___3e7fd381-0ae5-4421-8a70-279ee0ec1c61_7T4G0491-e1376988169395-1024x577.jpg,1024,577,licensePlate,588,290,696,339
PB22.jpg,272,204,licensePlate,101,146,192,168
134.jpg,500,415,licensePlate,202,289,339,352
9f7c7dce-f9c9-4c95-a053-8f16e6e99466___new_new-maruti-alto-k10-2_625x300_41414071192.jpg,424,249,licensePlate,144,167,314,203
KL7.jpg,272,204,licensePlate,110,132,166,149
GA12.jpg,272,272,licensePlate,96,182,174,206
ML27.jpg,272,363,licensePlate,112,208,181,226
b78259be-7ef5-4499-b9a2-2b8a37660e8b___Maruti-Suzuki-Celerio-Front-Number-Plates-Design.jpg,960,720,licensePlate,317,278,702,378
UK3.jpg,272,604,licensePlate,90,303,178,327
JK13.jpg,272,257,licensePlate,85,172,190,199
MP3.jpg,272,363,licensePlate,92,203,170,224
car-wbs-AP02BP2454_00000.jpg,660,432,licensePlate,231,189,363,222
00b42b2c-f193-4863-b92c-0245cbc816da___3e7fd381-0ae5-4421-8a70-279ee0ec1c61_Nissan-Terrano-Petrol-Review-Images-Black-Front-Angle.jpg,1280,853,licensePlate,182,574,292,654
car-wbs-HR696969_00000.jpg,551,455,licensePlate,230,252,432,307
CH3.jpg,272,363,licensePlate,53,268,148,295
JK8.jpg,269,333,licensePlate,94,249,189,273
8625b831-13a1-4b7d-9466-826cd6d36c67___1304650d1414861991-number-plates-merchandise-canvas-ink-gurgaon-edit-closed-10471269_1537317779842156_5063668061078329632_n.jpg,774,642,licensePlate,278,348,511,412
GA11.jpg,271,495,licensePlate,38,326,98,367
141.jpg,389,267,licensePlate,224,160,313,186
AP44.jpg,272,363,licensePlate,92,251,166,270
SK4.jpg,272,363,licensePlate,185,272,253,306
CH6.jpg,272,204,licensePlate,107,149,179,167
684f079f-6085-420c-8e4e-e1aed270fc05___Toyota-Fortuner-Number-Plates-Design.jpg,1250,703,licensePlate,539,387,774,466
135.jpg,602,339,licensePlate,120,164,247,203
TS10.jpg,272,605,licensePlate,81,295,190,325
DL18.jpg,272,363,licensePlate,94,213,173,235
71.jpg,446,282,licensePlate,173,226,294,255
OD6.jpg,271,545,licensePlate,96,329,181,357
JK18.jpg,272,604,licensePlate,92,359,166,379
TS1.jpg,272,363,licensePlate,87,265,186,289
DL6.jpg,272,403,licensePlate,85,197,183,227
ML20.jpg,272,363,licensePlate,126,253,207,272
AP26.jpg,272,213,licensePlate,97,46,179,65
HR20.jpg,272,363,licensePlate,99,235,192,256
72.jpg,500,349,licensePlate,158,258,334,303
ab573806-1da7-4ccf-93c8-6082e0cc15c3___1107433d1373284570-my-modded-skoda-rapid-now-166-bhp-351-nm-119-whp-per-tonne-hdr_00005_normal.jpg,1569,1119,licensePlate,630,510,906,587
MN4.jpg,272,87,licensePlate,102,8,161,23
PY4.jpg,272,128,licensePlate,89,88,182,109
CH10.jpg,272,503,licensePlate,79,297,180,323
4eb236a3-6547-4103-b46f-3756d21128a9___06-Sanjay-Dutt.jpg,494,449,licensePlate,86,392,255,445
TN9.jpg,272,586,licensePlate,84,277,174,300
MH18.jpg,272,544,licensePlate,99,313,168,338
254b647f-4cb3-46c3-a206-4e70041f4c78___speedex-number-plates-nandanam-chennai-car-number-plate-dealers-33nu2i6.jpg,350,263,licensePlate,116,82,222,113
JK20.jpg,272,363,licensePlate,2,215,74,255
car-wbs-HR26BA8008_00000.jpg,250,166,licensePlate,6,30,202,139
car-wbs-KL10AV6633_00000.jpg,959,693,licensePlate,305,428,678,540
MH16.jpg,272,327,licensePlate,105,243,173,264
BR9.jpg,272,363,licensePlate,166,220,220,242
DL3.jpg,272,484,licensePlate,114,287,196,310
NL2.jpg,271,333,licensePlate,76,300,182,333
9.jpg,1569,1119,licensePlate,643,520,891,586
car-wbs-KL01CA2555_00000.jpg,500,268,licensePlate,224,117,424,176
WB23.jpg,272,216,licensePlate,91,141,183,164
ba457a81-cf10-4879-8e8f-3a0a8d10689a___3e7fd381-0ae5-4421-8a70-279ee0ec1c61_hqdefault.jpg,480,360,licensePlate,179,200,283,226
ML22.jpg,272,363,licensePlate,101,192,167,214
PB9.jpg,272,363,licensePlate,101,230,174,248
PY9.jpg,272,363,licensePlate,96,253,175,274
OD26.jpg,272,363,licensePlate,103,187,202,213
153.jpg,350,467,licensePlate,119,264,228,293
AS6.jpg,204,204,licensePlate,13,153,70,177
DL2.jpg,272,204,licensePlate,97,112,173,132
car-wbs-KA29Z999_00000.jpg,500,333,licensePlate,142,222,344,267
TS13.jpg,272,363,licensePlate,82,231,204,266
WB1.jpg,272,245,licensePlate,159,111,225,143
OD10.jpg,272,363,licensePlate,86,243,183,264
HR11.jpg,270,331,licensePlate,88,248,200,276
JK10.jpg,272,204,licensePlate,105,166,191,189
114.jpg,570,400,licensePlate,12,130,447,273
car-wbs-KL01AX8000_00000.jpg,397,247,licensePlate,139,157,308,206
JK7.jpg,272,363,licensePlate,137,230,221,256
59a40238-6b01-4bb9-9faf-3b595e67bcb3___3d-font-number-plate-500x500.jpg,446,282,licensePlate,172,226,295,257
JK11.jpg,272,593,licensePlate,89,337,171,367
GJ17.jpg,272,204,licensePlate,97,143,184,166
HP20.jpg,153,272,licensePlate,43,155,102,177
147.jpg,600,337,licensePlate,196,133,357,179
HR13.jpg,272,363,licensePlate,98,245,189,266
WB9.jpg,272,366,licensePlate,89,202,156,224
3fd93f90-f778-4f14-8b0f-67dd0be88a06___561644d1308248087-beware-fake-registration-numbers-imported-cars-proof-pg-3-257491_10150223034216705_685851704_7325894_6829197_o.jpg,403,444,licensePlate,82,209,174,251
9cad4b47-6c7b-4e30-ab55-b7fa040beb56___135717d1400912281-skoda-rapid-1-6tdi-cr-mt-elegance-ultima-candy-white-white-monster-_mg_2993comp.jpg,468,366,licensePlate,67,228,174,260
HR21.jpg,272,153,licensePlate,96,108,168,126
5cbd7465-ad12-4e6b-8eaf-d7056c3852f8___New-2018-Maruti-Suzuki-Swift-radiator-grille-600x398.jpg,600,398,licensePlate,342,244,492,289
MH15.jpg,272,363,licensePlate,62,228,177,259
7.jpg,551,455,licensePlate,230,256,431,305
GJ23.jpg,272,204,licensePlate,114,115,178,131
TN8.jpg,272,230,licensePlate,84,69,174,95
8b9e7112-9149-48fb-b8e8-c3e89cce5af0___1074650_10201043987997310_227646612_o.jpg,551,455,licensePlate,230,252,429,307
23d775eb-842f-4f57-ad7a-affafa21660a___215453-new-2016-maruti-ertiga-granite-grey-zdi-shvs-highway-champion-img_8168.jpg,547,546,licensePlate,96,274,304,374
163.jpg,320,180,licensePlate,93,17,228,55
JH14.jpg,272,364,licensePlate,98,275,184,296
56.jpg,500,269,licensePlate,284,182,428,236
GJ22.jpg,272,204,licensePlate,111,114,180,132
422aaf6f-dd4a-450f-ac6b-65966ab512d0___1431956d1446017445-number-plates-merchandise-canvas-ink-gurgaon-edit-closed-thumb_img_4418_1024.jpg,768,1024,licensePlate,288,416,573,497
b117ba53-d563-49c2-806b-343666616815___new_Maruti-Suzuki-recalls-75419-Baleno-cars-1961-DZire-cars-only-AGS-variant-Motown-India-Bureau-2-810.jpg,317,215,licensePlate,118,114,218,148
HP1.jpg,272,363,licensePlate,119,227,182,242
DN8.jpg,272,484,licensePlate,53,269,139,292
0c9ebe94-827d-4c74-9950-6816e70d1bab___IMG_8883.jpg,500,333,licensePlate,186,116,322,147
AS8.jpg,272,363,licensePlate,92,241,168,260
MP7.jpg,272,484,licensePlate,94,226,187,256
KA2.jpg,272,204,licensePlate,107,132,172,151
PY12.jpg,272,204,licensePlate,118,162,184,184
98.jpg,350,196,licensePlate,129,130,210,157
LA1.jpg,272,363,licensePlate,77,181,148,205
SK3.jpg,272,363,licensePlate,101,235,188,257
BR16.jpg,272,363,licensePlate,38,254,114,293
22.jpg,802,615,licensePlate,274,2,500,58
car-wbs-HR26DA2330_00000.jpg,505,343,licensePlate,22,208,146,251
MH25.jpg,272,363,licensePlate,86,264,182,285
115.jpg,557,520,licensePlate,192,360,386,410
DL25.jpg,272,204,licensePlate,123,146,186,167
ae0bb069-0e7e-412a-9473-e8e0d4041cbc___135718d1400912281-skoda-rapid-1-6tdi-cr-mt-elegance-ultima-candy-white-white-monster-_mg_3000comp.jpg,492,393,licensePlate,339,194,425,227
202.jpg,630,353,licensePlate,249,196,374,230
92.jpg,1000,562,licensePlate,626,277,762,358
MH11.jpg,272,363,licensePlate,108,192,161,205
MH3.jpg,272,363,licensePlate,98,232,171,251
133.jpg,647,404,licensePlate,202,215,294,242
PB17.jpg,272,204,licensePlate,78,155,173,183
KA23.jpg,272,363,licensePlate,104,237,161,251
PB19.jpg,272,204,licensePlate,109,149,174,165
HP8.jpg,272,363,licensePlate,99,165,183,192
39.jpg,1632,918,licensePlate,793,475,905,521
WB18.jpg,272,364,licensePlate,71,231,175,255
UP28.jpg,272,363,licensePlate,93,246,178,266
JK28.jpg,266,332,licensePlate,131,253,219,292
KL3.jpg,272,370,licensePlate,33,214,90,244
PB2.jpg,272,363,licensePlate,106,209,180,226
AP17.jpg,272,590,licensePlate,104,339,182,358
AP29.jpg,269,141,licensePlate,103,1,186,19
2fbe224b-e775-4c74-b975-fd66d2397ef6___3e7fd381-0ae5-4421-8a70-279ee0ec1c61_Nissan-Terrano.jpg,1024,683,licensePlate,710,344,775,369
DL12.jpg,272,363,licensePlate,98,228,189,253
car-wbs-HR26U7501_00000.jpg,700,419,licensePlate,345,183,573,306
car-wbs-DL6CM6683_00000.jpg,700,525,licensePlate,90,331,240,402
car-wbs-HR26BP3543_00000.jpg,330,267,licensePlate,108,144,254,184
AP3.jpg,272,363,licensePlate,167,272,254,322
235.jpg,500,332,licensePlate,178,208,305,243
8b5431f9-7d6f-43ed-853d-350ca058ff2a___3e7fd381-0ae5-4421-8a70-279ee0ec1c61_2014-Nissan-Terrano1.jpg,930,768,licensePlate,605,396,800,459
07064c2c-2aa3-4419-91a4-92916de8e54c___mahindra-scorpio-old-car-500x500.jpg,500,415,licensePlate,202,286,338,355
GA7.jpg,272,226,licensePlate,44,107,109,130
51d58875-0bdc-4488-84d9-8b7ad5883863___new_Maruti-Suzuki-Ignis-Rear-view-94486.jpg,400,224,licensePlate,103,152,208,185
AS20.jpg,272,189,licensePlate,49,123,116,155
UP23.jpg,272,365,licensePlate,93,183,167,201
203.jpg,500,333,licensePlate,103,219,397,297
5747d3e8-4dd0-435f-942d-34b84f03344c___Maruti-Suzuki-Swift-Number-Plates-Design.jpg,500,430,licensePlate,140,248,338,306
PY7.jpg,272,364,licensePlate,114,311,193,335
JH5.jpg,272,204,licensePlate,167,138,228,168
car-wbs-DL3CAY9324_00000.jpg,769,417,licensePlate,295,259,491,305
car-wbs-HR26CT6702_00001.jpg,424,249,licensePlate,143,164,315,204
UP17.jpg,272,363,licensePlate,87,230,181,253
WB6.jpg,272,363,licensePlate,105,247,184,268
NL4.jpg,271,555,licensePlate,164,385,241,421
a1928183-9ebe-40f0-9a84-500aecc61474___2014-Skoda-Superb-facelift-spied-in-India.jpg,594,379,licensePlate,414,169,526,214
HR16.jpg,272,363,licensePlate,120,262,232,295
6bf2730d-82bf-43ac-8802-b61315d85b96___2017-Skoda-Octavia-rear-high-revealed-for-India-images.jpg,400,374,licensePlate,109,238,260,273
216.jpg,500,448,licensePlate,181,305,390,372
PY17.jpg,272,204,licensePlate,83,134,172,159
PB13.jpg,272,204,licensePlate,110,156,179,170
UP22.jpg,272,363,licensePlate,104,278,187,296
CG10.jpg,272,604,licensePlate,70,371,184,400
MN2.jpg,271,322,licensePlate,108,255,176,271
22dc6b5f-ff5d-4bb4-beb2-0f5fd9e75787___i10_Latest_Acrylic_Number_Plate.jpg,496,287,licensePlate,143,167,343,212
TS8.jpg,272,608,licensePlate,87,334,186,368
KA16.jpg,272,255,licensePlate,90,182,187,202
KL19.jpg,272,204,licensePlate,103,120,157,132
180.jpg,1024,685,licensePlate,392,448,599,504
UK2.jpg,272,604,licensePlate,27,414,159,471
a2f87691-b9f5-4274-ac5a-8764e9ba282c___1571669d1477648169-your-favourite-number-plate-font-13.jpg,1512,825,licensePlate,213,184,1440,744
JH2.jpg,272,427,licensePlate,95,266,183,290
HR7.jpg,272,153,licensePlate,111,119,173,135
CG22.jpg,272,291,licensePlate,92,235,177,257
aa221c22-6600-4f05-9eb9-3676ef0b22e0___69590d1226627898-high-security-number-plates-india-d1.jpg,1024,768,licensePlate,138,249,918,441
226.jpg,500,393,licensePlate,142,211,389,280
TR4.jpg,272,204,licensePlate,99,146,166,165
AS11.jpg,231,143,licensePlate,79,92,122,107
77d1f81a-bee6-487c-aff2-0efa31a9925c____bd7f7862-d727-11e7-ad30-e18a56154311.jpg,806,466,licensePlate,583,280,699,313
8c4371ee-a997-4b21-82c4-cb5e767c4d06___kia-sorento-spied-in-India.jpg,660,432,licensePlate,231,190,358,219
GA10.jpg,272,311,licensePlate,83,170,157,207
6f78077e-a3a1-4fb9-89ba-5870d75ccdb8___Innova_Crysta_Car_Euro_number_Plates.jpg,500,306,licensePlate,165,101,281,135
NL9.jpg,272,572,licensePlate,67,416,174,450
234.jpg,500,333,licensePlate,191,160,303,188
AS7.jpg,272,304,licensePlate,56,214,133,246
AP42.jpg,272,204,licensePlate,114,92,187,111
KA12.jpg,272,204,licensePlate,96,110,173,130
JK26.jpg,272,363,licensePlate,125,255,217,287
ML32.jpg,272,590,licensePlate,89,340,178,366
AN7.jpg,272,590,licensePlate,84,363,195,396
JK6.jpg,272,363,licensePlate,149,242,224,278
JH19.jpg,271,132,licensePlate,86,71,194,100
KL14.jpg,272,363,licensePlate,146,223,227,263
PB5.jpg,268,314,licensePlate,34,216,83,232
88294212-f11c-46a7-a91a-04c9da19efa6___DSC_8221-L.jpg,660,440,licensePlate,223,194,322,236
1.jpg,806,466,licensePlate,585,281,697,312
49.jpg,1280,847,licensePlate,330,287,1047,559
TS7.jpg,272,363,licensePlate,96,226,184,251
RJ6.jpg,272,484,licensePlate,150,258,234,307
KA5.jpg,272,204,licensePlate,106,129,171,145
WB17.jpg,272,363,licensePlate,94,262,189,289
PB7.jpg,272,242,licensePlate,107,151,169,167
62b58053-425c-4924-b129-c4a6580f3562___product-500x5001.jpg,500,234,licensePlate,222,77,442,165
JK31.jpg,272,204,licensePlate,104,142,162,153
b4eb91cd-3e77-40c2-bbe6-13d42f2ea4ba___INNOVA_Euro_Number_Plates.jpg,500,350,licensePlate,155,144,349,201
231.jpg,424,249,licensePlate,142,165,318,206
KL6.jpg,272,363,licensePlate,86,224,173,247
JK4.jpg,271,503,licensePlate,51,295,152,336
GJ6.jpg,272,204,licensePlate,91,146,181,169
189.jpg,1266,453,licensePlate,801,234,1039,304
UP8.jpg,272,363,licensePlate,161,221,242,258
DL9.jpg,272,134,licensePlate,92,94,151,109
KL11.jpg,272,363,licensePlate,89,242,180,264
JK22.jpg,272,204,licensePlate,97,135,158,152
6e772b68-a549-44e5-950e-4c376454c4e9___1557295d1474517501-toyota-innova-crysta-official-review-20160921_173216.jpg,600,486,licensePlate,195,232,441,302
CG12.jpg,272,363,licensePlate,82,260,182,280
TS3.jpg,272,363,licensePlate,101,232,176,254
AS14.jpg,133,204,licensePlate,40,157,93,172
125b5cda-9691-47aa-8e57-f6d8a8537d83___fancy_number_plates_in_india.jpg,498,313,licensePlate,41,75,420,195
PB8.jpg,272,363,licensePlate,88,240,177,265
b78553c7-977e-49a2-b3d2-42825d83c8b0___1557297d1474517501-toyota-innova-crysta-official-review-20160920_191445.jpg,500,399,licensePlate,46,188,233,290
DN2.jpg,272,136,licensePlate,99,104,152,118
HR17.jpg,272,603,licensePlate,84,282,182,306
936623d4-b47c-4da7-ab2e-6ac3cc63f861___new_216279d1481352986-silver-venom-mahindra-scorpio-s4-2016-ownership-review-wp_20161122_11_19_00_pro.jpg,500,274,licensePlate,168,111,389,191
PY15.jpg,272,342,licensePlate,97,223,174,246
ML18.jpg,272,604,licensePlate,68,416,167,449
AP6.jpg,272,262,licensePlate,97,220,179,240
OD14.jpg,271,453,licensePlate,89,183,171,207
UK7.jpg,272,363,licensePlate,84,177,162,197
45.jpg,1200,800,licensePlate,627,451,847,552
HP18.jpg,272,363,licensePlate,137,279,186,296
85.jpg,371,396,licensePlate,104,222,245,261
JK1.jpg,272,363,licensePlate,97,207,189,234
PY6.jpg,272,363,licensePlate,90,260,186,284
KA17.jpg,272,327,licensePlate,113,228,188,250
DL11.jpg,272,363,licensePlate,85,215,186,244
175.jpg,500,234,licensePlate,221,78,448,168
ML37.jpg,272,127,licensePlate,109,92,157,105
ML21.jpg,270,243,licensePlate,102,208,176,228
KL8.jpg,272,363,licensePlate,122,205,208,225
GJ20.jpg,272,181,licensePlate,120,121,184,139
ML12.jpg,272,204,licensePlate,103,161,185,182
KL16.jpg,272,363,licensePlate,91,220,184,245
ML24.jpg,271,182,licensePlate,108,113,164,130
NL6.jpg,272,363,licensePlate,208,245,265,270
ML16.jpg,272,136,licensePlate,23,87,78,116
97846647-16f1-4ee2-b260-60774a21cc74___new_Maruti-Suzuki-Swift-Dzire-1.jpg,330,267,licensePlate,108,146,257,182
HR10.jpg,272,244,licensePlate,90,120,189,150
AP8.jpg,272,366,licensePlate,98,221,176,239
MH26.jpg,272,274,licensePlate,98,212,172,231
UP25.jpg,272,593,licensePlate,75,302,189,340
UK10.jpg,272,336,licensePlate,75,249,170,271
137.jpg,500,332,licensePlate,163,212,312,262
18.jpg,468,366,licensePlate,66,231,177,261
175ff546-0679-4cbb-ab03-acfcd96877b7___Maruti_Wagon_R_Rear.jpg,583,450,licensePlate,187,272,368,328
MP4.jpg,272,363,licensePlate,96,196,160,216
GJ29.jpg,272,204,licensePlate,103,138,168,154
c1d91c5e-128b-41d4-9f9d-ebfbef98b597___High_security_n15816.jpg,570,400,licensePlate,11,130,444,294
HP14.jpg,272,363,licensePlate,96,255,202,273
JK5.jpg,272,598,licensePlate,78,329,171,353
car-wbs-HR26CK8571_00000.jpg,608,302,licensePlate,383,214,491,247
222.jpg,429,450,licensePlate,103,347,284,395
JK17.jpg,272,363,licensePlate,63,263,186,294
0b77e2a4-34db-486c-8d87-46186f5b7b88___3e7fd381-0ae5-4421-8a70-279ee0ec1c61_nissan-terrano-diesel-review-motorzest-04.jpg,800,532,licensePlate,425,313,500,335
57e92915-935a-4a91-91f8-f3ad70040a6e___3e7fd381-0ae5-4421-8a70-279ee0ec1c61_847071203_1_1080x720_nissan-terrano-xv-d-thp-premium-110-ps-2015-diesel-ghaziabad.jpg,540,720,licensePlate,178,584,345,619
AP25.jpg,272,363,licensePlate,90,251,174,268
UP24.jpg,272,363,licensePlate,74,253,162,275
76.jpg,600,337,licensePlate,96,219,179,239
76.jpg,600,337,licensePlate,432,156,507,178
1e7151e6-8626-4fb2-b7e8-0fb6a8fde713___3e7fd381-0ae5-4421-8a70-279ee0ec1c61_a19be5870f8f2593c994c465a691477e_555X416_1.jpg,555,416,licensePlate,233,229,318,254
110.jpg,498,313,licensePlate,43,76,416,188
JH13.jpg,270,332,licensePlate,102,229,189,251
38cee3dd-dead-4ba0-b350-0f82d94836da___3e7fd381-0ae5-4421-8a70-279ee0ec1c61_big_467860_1505633598.jpg,640,480,licensePlate,309,341,409,367
HR22.jpg,265,329,licensePlate,69,212,139,236
DL20.jpg,272,204,licensePlate,107,113,176,129
OD22.jpg,271,179,licensePlate,99,49,223,132
TR7.jpg,272,153,licensePlate,153,105,199,138
90.jpg,2285,1714,licensePlate,854,802,1581,960
WB22.jpg,272,364,licensePlate,103,244,168,266
HR8.jpg,272,484,licensePlate,92,287,193,310
4ed4509a-18ed-44cd-bfe3-b1cce982e365___3e7fd381-0ae5-4421-8a70-279ee0ec1c61_Nissan-Terrano-3.jpg,800,600,licensePlate,285,324,488,375
AP4.jpg,272,205,licensePlate,109,137,173,152
car-wbs-KL05AK3300_00000.jpg,480,480,licensePlate,333,313,459,349
41de2ad0-3785-488e-9f1f-75b76f446cc7___Maruti-Alto-K10-Photos-2.jpg,450,417,licensePlate,132,306,303,355
377b225b-e978-4e7c-8e5e-f10d8effc336___Maruti-Suzuki-Ignis-Rear-view-94486.jpg,600,337,licensePlate,153,226,322,281
OD23.jpg,193,153,licensePlate,103,116,167,131
CG7.jpg,272,575,licensePlate,74,368,169,391
HR1.jpg,272,363,licensePlate,98,269,186,292
KL10.jpg,272,363,licensePlate,55,197,133,229
MH4.jpg,271,487,licensePlate,87,188,182,208
3d7cd880-ea4b-4d63-9706-bea1df54af20___135712d1400874352-skoda-rapid-1-6tdi-cr-mt-elegance-ultima-candy-white-white-monster-1911216_676392609084007_1524722860_o.jpg,769,417,licensePlate,298,261,487,303
CG14.jpg,272,204,licensePlate,89,134,138,147
SK12.jpg,272,363,licensePlate,60,288,147,328
69.jpg,736,483,licensePlate,91,307,206,337
69.jpg,736,483,licensePlate,486,300,530,330
car-wbs-KL10AV6342_00000.jpg,500,430,licensePlate,138,249,338,303
85bd88a0-ac9a-412e-ba44-2a29d209e212___4336_1466054535_9.jpg,650,435,licensePlate,163,186,287,228
TR6.jpg,272,125,licensePlate,104,92,154,106
55aa4ee8-13fd-45bd-b83b-651ac665d71a___200560387_4_1000x700_2012-toyota-innova-diesel-130000-kms-cars.jpg,518,458,licensePlate,154,233,332,288
SK10.jpg,272,363,licensePlate,68,190,129,206
AS21.jpg,272,363,licensePlate,110,189,186,208
GA13.jpg,272,242,licensePlate,160,152,219,173
JK23.jpg,270,322,licensePlate,72,192,163,224
UP20.jpg,272,204,licensePlate,102,149,177,170
KA3.jpg,270,447,licensePlate,67,234,148,262
AS10.jpg,272,603,licensePlate,97,357,181,382
61.jpg,2432,1368,licensePlate,797,756,1088,845
ad1f5cbc-7545-407e-8974-a03ddb7b7779___833542696_1_1080x720_mahindra-scorpio-vlx-4wd-airbag-bs-iv-2012-diesel-.jpg,960,720,licensePlate,402,413,615,482
KL15.jpg,272,363,licensePlate,134,224,226,259
CG8.jpg,272,363,licensePlate,88,170,183,195
OD4.jpg,272,586,licensePlate,121,326,220,356
62.jpg,414,432,licensePlate,131,215,279,254
OD15.jpg,268,109,licensePlate,110,55,174,72
ML17.jpg,272,293,licensePlate,103,241,179,260
AP14.jpg,272,620,licensePlate,102,174,197,207
16.jpg,774,642,licensePlate,283,348,501,406
215.jpg,500,354,licensePlate,155,256,333,301
JH6.jpg,272,204,licensePlate,86,150,141,165
HP4.jpg,272,363,licensePlate,56,225,135,250
ML23.jpg,272,323,licensePlate,82,201,185,223
AS19.jpg,272,363,licensePlate,84,247,170,268
ML7.jpg,272,363,licensePlate,79,233,173,259
PB24.jpg,272,363,licensePlate,80,256,169,283
CG20.jpg,272,204,licensePlate,72,124,139,140
RJ4.jpg,272,363,licensePlate,84,245,186,273
PY18.jpg,272,363,licensePlate,92,209,166,236
4be1ff39-b2ad-45e0-9c9a-0e7215cbb5b6___2.jpg,300,225,licensePlate,2,94,300,152
TR8.jpg,271,187,licensePlate,106,35,165,58
KA21.jpg,272,604,licensePlate,103,320,176,339
UK1.jpg,272,363,licensePlate,87,215,170,238
RJ7.jpg,272,363,licensePlate,87,254,188,278
JK15.jpg,272,363,licensePlate,90,179,173,202
JK16.jpg,272,363,licensePlate,73,233,200,262
TR1.jpg,271,242,licensePlate,82,93,166,112
MZ1.jpg,272,125,licensePlate,117,97,186,112
JH3.jpg,272,204,licensePlate,108,131,168,148
HP16.jpg,272,204,licensePlate,81,122,134,137
217.jpg,500,336,licensePlate,241,112,381,151
14.jpg,550,534,licensePlate,97,241,241,323
0a0d1748-48cd-4114-90cb-b5baf0b3cbe4___3e7fd381-0ae5-4421-8a70-279ee0ec1c61_147274518_15141875973_large.jpg,600,480,licensePlate,190,324,329,349
car-wbs-HR26BP3543_00001.jpg,506,407,licensePlate,189,265,335,304
78a85f8b-de01-4036-ae91-2a1fa48bcf9f___new_995920d1349421647-cappuccino-beige-czech-tank-here-my-skoda-laura-2-0-elegance-mt-20121005_121433.jpg,500,333,licensePlate,143,221,344,266
8dbb3ea7-8512-49e4-9ede-d4647e3b7dd2___158712081_5_1000x700_toyota-innova-v-2010-7seat-life-tax-kerala_rev001.jpg,1000,562,licensePlate,464,288,553,342
PB29.jpg,272,363,licensePlate,105,184,183,210
TS15.jpg,272,178,licensePlate,86,154,171,173
OD19.jpg,272,204,licensePlate,96,129,168,148
AS18.jpg,272,370,licensePlate,93,217,151,233
PB4.jpg,272,363,licensePlate,99,268,188,286
af270103-6ed4-4260-9d01-b8be2e2b9af1___skoda-rapid-1.5-tdi-dsg-review.jpg,500,271,licensePlate,102,152,250,201
MH21.jpg,272,589,licensePlate,93,366,192,393
a285cdf6-4640-41ee-b3f3-b721f334466f___Skoda-Octavia-RS-launched-in-India-3.jpg,500,344,licensePlate,171,254,355,293
ML28.jpg,272,363,licensePlate,70,232,161,256
CG19.jpg,272,363,licensePlate,102,203,171,223
JK30.jpg,272,204,licensePlate,23,185,81,199
46.jpg,594,379,licensePlate,409,167,523,215
12.jpg,1024,769,licensePlate,354,383,491,431
7c6227ed-9e92-4062-9591-b172cb32ec10___3e7fd381-0ae5-4421-8a70-279ee0ec1c61_Honda-Jazz-Front-Number-Plates-Designs.jpg,600,450,licensePlate,58,82,592,183
AP22.jpg,272,363,licensePlate,73,226,179,250
8da5183c-275f-4294-a5a8-276e10ac5ad0___3e7fd381-0ae5-4421-8a70-279ee0ec1c61_nissan-terrano-amt_827x510_81478504265.jpg,827,510,licensePlate,352,298,577,447
AP23.jpg,272,363,licensePlate,75,221,138,236
car-wbs-KL07CB8599_00000.jpg,500,281,licensePlate,208,134,338,174
BR10.jpg,272,363,licensePlate,107,234,196,257
AP5.jpg,272,363,licensePlate,92,161,159,181
PB25.jpg,272,363,licensePlate,121,230,188,247
MH1.jpg,271,168,licensePlate,97,124,180,146
230.jpg,330,267,licensePlate,104,144,257,184
DL34.jpg,272,188,licensePlate,153,142,217,174
52.jpg,608,302,licensePlate,385,214,489,247
MH12.jpg,270,340,licensePlate,84,284,192,309
AS9.jpg,272,204,licensePlate,99,135,173,152
BR12.jpg,272,153,licensePlate,103,129,155,142
WB8.jpg,272,272,licensePlate,96,209,187,230
AS22.jpg,272,481,licensePlate,99,279,168,299
JK9.jpg,266,332,licensePlate,74,218,161,243
SK11.jpg,272,363,licensePlate,83,291,164,311
HR18.jpg,272,605,licensePlate,93,331,168,355
DL22.jpg,272,363,licensePlate,102,227,170,248
RJ9.jpg,272,363,licensePlate,98,258,175,276
PB11.jpg,272,204,licensePlate,65,140,189,172
AP34.jpg,267,94,licensePlate,96,4,186,23
CG9.jpg,272,363,licensePlate,85,194,187,222
HP6.jpg,191,139,licensePlate,27,96,77,113
HP13.jpg,272,590,licensePlate,52,349,188,388
car-wbs-HR26CM6005_00000.jpg,591,479,licensePlate,191,229,390,275
ML31.jpg,272,181,licensePlate,54,130,184,154
TR10.jpg,272,604,licensePlate,87,323,191,353
868b996f-1f40-47ca-8222-b0f2750d7010___3e7fd381-0ae5-4421-8a70-279ee0ec1c61_nissan-terrano-left-side-view.jpg,350,263,licensePlate,82,127,133,149
TN10.jpg,272,304,licensePlate,72,236,192,267
41.jpg,700,466,licensePlate,152,191,293,245
ML15.jpg,272,363,licensePlate,86,283,191,308
2adfb5e7-e70a-4749-b5fa-8c233c0d47d9___new_1572920d1478091901-your-favourite-number-plate-font-jetta-german-font.jpg,500,250,licensePlate,157,99,370,141
60.jpg,500,416,licensePlate,147,253,345,303
DL21.jpg,272,363,licensePlate,95,241,186,264
GJ9.jpg,272,286,licensePlate,87,186,177,208
161.jpg,1920,1080,licensePlate,1023,603,1270,677
86.jpg,500,457,licensePlate,133,244,356,304
car-wbs-HR26DA0471_00000.jpg,600,337,licensePlate,153,228,317,279
6e52e238-927b-46e0-a8f1-5f77ef1ecf9f___3e7fd381-0ae5-4421-8a70-279ee0ec1c61_nissan-terrano-rear.jpg,660,440,licensePlate,164,237,281,266
AR13.jpg,272,119,licensePlate,91,34,184,58
BR18.jpg,272,484,licensePlate,91,337,200,362
146.jpg,960,720,licensePlate,321,279,695,385
MH2.jpg,209,191,licensePlate,90,162,161,179
GJ27.jpg,272,204,licensePlate,107,144,162,159
233.jpg,500,366,licensePlate,176,232,355,276
AR10.jpg,272,363,licensePlate,32,170,90,190
HP22.jpg,272,363,licensePlate,81,195,161,219
0b24d6ed-d32f-420d-bc18-03deece29073___2015-Maruti-Ciaz-Test-Drive-Review.jpg,608,302,licensePlate,385,216,488,244
8906af57-0d29-417d-ac46-408425527b57___VW-Vento-TDI-CNG-Spy-Pic-2.jpg,600,430,licensePlate,243,238,379,299
AS17.jpg,271,342,licensePlate,89,250,184,271
1a0da3dc-6667-4092-bc2a-a541a06f1e90___3e7fd381-0ae5-4421-8a70-279ee0ec1c61_Nissan-Terrano9.jpg,552,552,licensePlate,197,376,369,413
PB30.jpg,272,153,licensePlate,74,101,131,114
GA8.jpg,272,119,licensePlate,133,57,209,94
UP14.jpg,270,573,licensePlate,74,301,163,336
a508ecb5-bfdd-46ba-8640-bb827b7c089c___Volkswagen-Polo.jpg,704,330,licensePlate,559,204,679,242
MH17.jpg,272,484,licensePlate,101,334,173,360
6ec9d264-9eab-4027-bdcc-6f71c842ee75___3e7fd381-0ae5-4421-8a70-279ee0ec1c61_846635891_1_1080x720_nissan-terrano-xl-d-thp-110-ps-2013-diesel-dehra-dun.jpg,540,720,licensePlate,142,451,354,498
PB10.jpg,272,588,licensePlate,100,352,200,377
MP9.jpg,272,471,licensePlate,178,217,255,248
2.jpg,494,449,licensePlate,84,400,254,444
UP15.jpg,272,604,licensePlate,71,332,183,364
221.jpg,418,330,licensePlate,45,195,192,237
KA7.jpg,272,204,licensePlate,127,152,169,164
157.jpg,700,419,licensePlate,345,180,571,308
KA11.jpg,272,204,licensePlate,98,149,170,166
213.jpg,500,332,licensePlate,159,130,341,178
212.jpg,500,250,licensePlate,154,91,380,149
GJ4.jpg,272,363,licensePlate,99,249,181,274
AP15.jpg,272,363,licensePlate,91,238,209,263
bcdc8b42-5dd4-48e2-8104-706440524bfe___hqdefault0.jpg,480,360,licensePlate,2,57,466,185
ML33.jpg,272,590,licensePlate,82,277,170,302
34.jpg,730,563,licensePlate,61,353,247,413
car-wbs-KL04AL4405_00000.jpg,496,287,licensePlate,145,169,344,210
MP5.jpg,272,363,licensePlate,98,225,175,246
760ba77a-8992-4574-8cba-6c081d9e3e19___3e7fd381-0ae5-4421-8a70-279ee0ec1c61_04f4c639c871fba0b4cc6475604e40b7_large.jpg,288,384,licensePlate,92,260,199,286
200.jpg,704,330,licensePlate,560,205,680,241
HR6.jpg,272,363,licensePlate,96,263,177,285
DN4.jpg,270,505,licensePlate,85,203,186,233
51.jpg,960,1280,licensePlate,445,715,659,773
UP12.jpg,272,574,licensePlate,96,283,182,306
SK5.jpg,272,606,licensePlate,103,413,178,435
227.jpg,500,291,licensePlate,196,104,353,149
WB15.jpg,272,363,licensePlate,90,246,187,275
MN5.jpg,272,204,licensePlate,113,161,183,178
183.jpg,586,331,licensePlate,183,208,250,233
WB14.jpg,272,590,licensePlate,90,364,173,394
BR5.jpg,272,363,licensePlate,100,296,171,316
car-wbs-KL10AW2111_00000.jpg,450,397,licensePlate,181,183,343,236
PB14.jpg,272,363,licensePlate,110,258,205,281
80.jpg,1024,768,licensePlate,564,458,844,540
DN3.jpg,272,363,licensePlate,67,245,193,277
UP2.jpg,272,363,licensePlate,91,173,175,197
GJ25.jpg,272,153,licensePlate,106,135,168,151
74.jpg,650,435,licensePlate,164,182,289,229
27bfd7b7-6e0c-454c-b9f3-7a44d36edb9c___3e7fd381-0ae5-4421-8a70-279ee0ec1c61_nissan-terrano-rear-right-side-angle-view.jpg,700,525,licensePlate,91,328,231,399
ML25.jpg,272,425,licensePlate,101,202,179,227
7073bd18-c0bf-47da-9e43-8c9d27831f11___new_Skoda-Laura-rear.jpg,500,333,licensePlate,193,159,303,188
